sample	reads
HOLFRAM004460056593	/work/project/CASCAD/mnaji/fastq_sr/HOLFRAM004460056593.R1.fq.gz,/work/project/CASCAD/mnaji/fastq_sr/HOLFRAM004460056593.R2.fq.gz
HOLFRAM008069306607	/work/project/CASCAD/mnaji/fastq_sr/HOLFRAM008069306607.R1.fq.gz,/work/project/CASCAD/mnaji/fastq_sr/HOLFRAM008069306607.R2.fq.gz
MONFRAM002529879925	/work/project/CASCAD/mnaji/fastq_sr/MONFRAM002529879925.R1.fq.gz,/work/project/CASCAD/mnaji/fastq_sr/MONFRAM002529879925.R2.fq.gz
MONFRAM003912302640	/work/project/CASCAD/mnaji/fastq_sr/MONFRAM003912302640.R1.fq.gz,/work/project/CASCAD/mnaji/fastq_sr/MONFRAM003912302640.R2.fq.gz
NMDFRAM002234643275	/work/project/CASCAD/mnaji/fastq_sr/NMDFRAM002234643275.R1.fq.gz,/work/project/CASCAD/mnaji/fastq_sr/NMDFRAM002234643275.R2.fq.gz
NMDFRAM002258273022	/work/project/CASCAD/mnaji/fastq_sr/NMDFRAM002258273022.R1.fq.gz,/work/project/CASCAD/mnaji/fastq_sr/NMDFRAM002258273022.R2.fq.gz
BAQFRAM008206008413	/work/project/CASCAD/mnaji/fastq_sr/BAQFRAM008206008413.R1.fq.gz,/work/project/CASCAD/mnaji/fastq_sr/BAQFRAM008206008413.R2.fq.gz
LIMFRAM008769003199	/work/project/CASCAD/mnaji/fastq_sr/LIMFRAM008769003199.R1.fq.gz,/work/project/CASCAD/mnaji/fastq_sr/LIMFRAM008769003199.R2.fq.gz
MONFRAM004242751374	/work/project/CASCAD/mnaji/fastq_sr/MONFRAM004242751374.R1.fq.gz,/work/project/CASCAD/mnaji/fastq_sr/MONFRAM004242751374.R2.fq.gz
40492	/work/project/CASCAD/mnaji/fastq_sr/40492.R1.fq.gz,/work/project/CASCAD/mnaji/fastq_sr/40492.R2.fq.gz
40526	/work/project/CASCAD/mnaji/fastq_sr/40526.R1.fq.gz,/work/project/CASCAD/mnaji/fastq_sr/40526.R2.fq.gz
40527	/work/project/CASCAD/mnaji/fastq_sr/40527.R1.fq.gz,/work/project/CASCAD/mnaji/fastq_sr/40527.R2.fq.gz
40535	/work/project/CASCAD/mnaji/fastq_sr/40535.R1.fq.gz,/work/project/CASCAD/mnaji/fastq_sr/40535.R2.fq.gz
40541	/work/project/CASCAD/mnaji/fastq_sr/40541.R1.fq.gz,/work/project/CASCAD/mnaji/fastq_sr/40541.R2.fq.gz
40546	/work/project/CASCAD/mnaji/fastq_sr/40546.R1.fq.gz,/work/project/CASCAD/mnaji/fastq_sr/40546.R2.fq.gz
40552	/work/project/CASCAD/mnaji/fastq_sr/40552.R1.fq.gz,/work/project/CASCAD/mnaji/fastq_sr/40552.R2.fq.gz
40555	/work/project/CASCAD/mnaji/fastq_sr/40555.R1.fq.gz,/work/project/CASCAD/mnaji/fastq_sr/40555.R2.fq.gz
40558	/work/project/CASCAD/mnaji/fastq_sr/40558.R1.fq.gz,/work/project/CASCAD/mnaji/fastq_sr/40558.R2.fq.gz
40531	/work/project/CASCAD/mnaji/fastq_sr/40531.R1.fq.gz,/work/project/CASCAD/mnaji/fastq_sr/40531.R2.fq.gz
40536	/work/project/CASCAD/mnaji/fastq_sr/40536.R1.fq.gz,/work/project/CASCAD/mnaji/fastq_sr/40536.R2.fq.gz
40544	/work/project/CASCAD/mnaji/fastq_sr/40544.R1.fq.gz,/work/project/CASCAD/mnaji/fastq_sr/40544.R2.fq.gz
40547	/work/project/CASCAD/mnaji/fastq_sr/40547.R1.fq.gz,/work/project/CASCAD/mnaji/fastq_sr/40547.R2.fq.gz
40553	/work/project/CASCAD/mnaji/fastq_sr/40553.R1.fq.gz,/work/project/CASCAD/mnaji/fastq_sr/40553.R2.fq.gz
40556	/work/project/CASCAD/mnaji/fastq_sr/40556.R1.fq.gz,/work/project/CASCAD/mnaji/fastq_sr/40556.R2.fq.gz
40559	/work/project/CASCAD/mnaji/fastq_sr/40559.R1.fq.gz,/work/project/CASCAD/mnaji/fastq_sr/40559.R2.fq.gz
40532	/work/project/CASCAD/mnaji/fastq_sr/40532.R1.fq.gz,/work/project/CASCAD/mnaji/fastq_sr/40532.R2.fq.gz
40538	/work/project/CASCAD/mnaji/fastq_sr/40538.R1.fq.gz,/work/project/CASCAD/mnaji/fastq_sr/40538.R2.fq.gz
40545	/work/project/CASCAD/mnaji/fastq_sr/40545.R1.fq.gz,/work/project/CASCAD/mnaji/fastq_sr/40545.R2.fq.gz
40548	/work/project/CASCAD/mnaji/fastq_sr/40548.R1.fq.gz,/work/project/CASCAD/mnaji/fastq_sr/40548.R2.fq.gz
40554	/work/project/CASCAD/mnaji/fastq_sr/40554.R1.fq.gz,/work/project/CASCAD/mnaji/fastq_sr/40554.R2.fq.gz
40557	/work/project/CASCAD/mnaji/fastq_sr/40557.R1.fq.gz,/work/project/CASCAD/mnaji/fastq_sr/40557.R2.fq.gz
40560	/work/project/CASCAD/mnaji/fastq_sr/40560.R1.fq.gz,/work/project/CASCAD/mnaji/fastq_sr/40560.R2.fq.gz
40562	/work/project/CASCAD/mnaji/fastq_sr/40562.R1.fq.gz,/work/project/CASCAD/mnaji/fastq_sr/40562.R2.fq.gz
40563	/work/project/CASCAD/mnaji/fastq_sr/40563.R1.fq.gz,/work/project/CASCAD/mnaji/fastq_sr/40563.R2.fq.gz
40564	/work/project/CASCAD/mnaji/fastq_sr/40564.R1.fq.gz,/work/project/CASCAD/mnaji/fastq_sr/40564.R2.fq.gz
40565	/work/project/CASCAD/mnaji/fastq_sr/40565.R1.fq.gz,/work/project/CASCAD/mnaji/fastq_sr/40565.R2.fq.gz
40566	/work/project/CASCAD/mnaji/fastq_sr/40566.R1.fq.gz,/work/project/CASCAD/mnaji/fastq_sr/40566.R2.fq.gz
40567	/work/project/CASCAD/mnaji/fastq_sr/40567.R1.fq.gz,/work/project/CASCAD/mnaji/fastq_sr/40567.R2.fq.gz
40568	/work/project/CASCAD/mnaji/fastq_sr/40568.R1.fq.gz,/work/project/CASCAD/mnaji/fastq_sr/40568.R2.fq.gz
40569	/work/project/CASCAD/mnaji/fastq_sr/40569.R1.fq.gz,/work/project/CASCAD/mnaji/fastq_sr/40569.R2.fq.gz
40570	/work/project/CASCAD/mnaji/fastq_sr/40570.R1.fq.gz,/work/project/CASCAD/mnaji/fastq_sr/40570.R2.fq.gz
40571	/work/project/CASCAD/mnaji/fastq_sr/40571.R1.fq.gz,/work/project/CASCAD/mnaji/fastq_sr/40571.R2.fq.gz
40573	/work/project/CASCAD/mnaji/fastq_sr/40573.R1.fq.gz,/work/project/CASCAD/mnaji/fastq_sr/40573.R2.fq.gz
40574	/work/project/CASCAD/mnaji/fastq_sr/40574.R1.fq.gz,/work/project/CASCAD/mnaji/fastq_sr/40574.R2.fq.gz
40575	/work/project/CASCAD/mnaji/fastq_sr/40575.R1.fq.gz,/work/project/CASCAD/mnaji/fastq_sr/40575.R2.fq.gz
40576	/work/project/CASCAD/mnaji/fastq_sr/40576.R1.fq.gz,/work/project/CASCAD/mnaji/fastq_sr/40576.R2.fq.gz
40577	/work/project/CASCAD/mnaji/fastq_sr/40577.R1.fq.gz,/work/project/CASCAD/mnaji/fastq_sr/40577.R2.fq.gz
40578	/work/project/CASCAD/mnaji/fastq_sr/40578.R1.fq.gz,/work/project/CASCAD/mnaji/fastq_sr/40578.R2.fq.gz
40579	/work/project/CASCAD/mnaji/fastq_sr/40579.R1.fq.gz,/work/project/CASCAD/mnaji/fastq_sr/40579.R2.fq.gz
40580	/work/project/CASCAD/mnaji/fastq_sr/40580.R1.fq.gz,/work/project/CASCAD/mnaji/fastq_sr/40580.R2.fq.gz
40582	/work/project/CASCAD/mnaji/fastq_sr/40582.R1.fq.gz,/work/project/CASCAD/mnaji/fastq_sr/40582.R2.fq.gz
40583	/work/project/CASCAD/mnaji/fastq_sr/40583.R1.fq.gz,/work/project/CASCAD/mnaji/fastq_sr/40583.R2.fq.gz
40584	/work/project/CASCAD/mnaji/fastq_sr/40584.R1.fq.gz,/work/project/CASCAD/mnaji/fastq_sr/40584.R2.fq.gz
40586	/work/project/CASCAD/mnaji/fastq_sr/40586.R1.fq.gz,/work/project/CASCAD/mnaji/fastq_sr/40586.R2.fq.gz
40587	/work/project/CASCAD/mnaji/fastq_sr/40587.R1.fq.gz,/work/project/CASCAD/mnaji/fastq_sr/40587.R2.fq.gz
40588	/work/project/CASCAD/mnaji/fastq_sr/40588.R1.fq.gz,/work/project/CASCAD/mnaji/fastq_sr/40588.R2.fq.gz
40590	/work/project/CASCAD/mnaji/fastq_sr/40590.R1.fq.gz,/work/project/CASCAD/mnaji/fastq_sr/40590.R2.fq.gz
40594	/work/project/CASCAD/mnaji/fastq_sr/40594.R1.fq.gz,/work/project/CASCAD/mnaji/fastq_sr/40594.R2.fq.gz
40595	/work/project/CASCAD/mnaji/fastq_sr/40595.R1.fq.gz,/work/project/CASCAD/mnaji/fastq_sr/40595.R2.fq.gz
40608	/work/project/CASCAD/mnaji/fastq_sr/40608.R1.fq.gz,/work/project/CASCAD/mnaji/fastq_sr/40608.R2.fq.gz
40596	/work/project/CASCAD/mnaji/fastq_sr/40596.R1.fq.gz,/work/project/CASCAD/mnaji/fastq_sr/40596.R2.fq.gz
40599	/work/project/CASCAD/mnaji/fastq_sr/40599.R1.fq.gz,/work/project/CASCAD/mnaji/fastq_sr/40599.R2.fq.gz
40600	/work/project/CASCAD/mnaji/fastq_sr/40600.R1.fq.gz,/work/project/CASCAD/mnaji/fastq_sr/40600.R2.fq.gz
40601	/work/project/CASCAD/mnaji/fastq_sr/40601.R1.fq.gz,/work/project/CASCAD/mnaji/fastq_sr/40601.R2.fq.gz
40605	/work/project/CASCAD/mnaji/fastq_sr/40605.R1.fq.gz,/work/project/CASCAD/mnaji/fastq_sr/40605.R2.fq.gz
40607	/work/project/CASCAD/mnaji/fastq_sr/40607.R1.fq.gz,/work/project/CASCAD/mnaji/fastq_sr/40607.R2.fq.gz
40609	/work/project/CASCAD/mnaji/fastq_sr/40609.R1.fq.gz,/work/project/CASCAD/mnaji/fastq_sr/40609.R2.fq.gz
40610	/work/project/CASCAD/mnaji/fastq_sr/40610.R1.fq.gz,/work/project/CASCAD/mnaji/fastq_sr/40610.R2.fq.gz
40611	/work/project/CASCAD/mnaji/fastq_sr/40611.R1.fq.gz,/work/project/CASCAD/mnaji/fastq_sr/40611.R2.fq.gz
40612	/work/project/CASCAD/mnaji/fastq_sr/40612.R1.fq.gz,/work/project/CASCAD/mnaji/fastq_sr/40612.R2.fq.gz
40614	/work/project/CASCAD/mnaji/fastq_sr/40614.R1.fq.gz,/work/project/CASCAD/mnaji/fastq_sr/40614.R2.fq.gz
40615	/work/project/CASCAD/mnaji/fastq_sr/40615.R1.fq.gz,/work/project/CASCAD/mnaji/fastq_sr/40615.R2.fq.gz
40630	/work/project/CASCAD/mnaji/fastq_sr/40630.R1.fq.gz,/work/project/CASCAD/mnaji/fastq_sr/40630.R2.fq.gz
40637	/work/project/CASCAD/mnaji/fastq_sr/40637.R1.fq.gz,/work/project/CASCAD/mnaji/fastq_sr/40637.R2.fq.gz
40625	/work/project/CASCAD/mnaji/fastq_sr/40625.R1.fq.gz,/work/project/CASCAD/mnaji/fastq_sr/40625.R2.fq.gz
40628	/work/project/CASCAD/mnaji/fastq_sr/40628.R1.fq.gz,/work/project/CASCAD/mnaji/fastq_sr/40628.R2.fq.gz
40634	/work/project/CASCAD/mnaji/fastq_sr/40634.R1.fq.gz,/work/project/CASCAD/mnaji/fastq_sr/40634.R2.fq.gz
40631	/work/project/CASCAD/mnaji/fastq_sr/40631.R1.fq.gz,/work/project/CASCAD/mnaji/fastq_sr/40631.R2.fq.gz
40626	/work/project/CASCAD/mnaji/fastq_sr/40626.R1.fq.gz,/work/project/CASCAD/mnaji/fastq_sr/40626.R2.fq.gz
40619	/work/project/CASCAD/mnaji/fastq_sr/40619.R1.fq.gz,/work/project/CASCAD/mnaji/fastq_sr/40619.R2.fq.gz
40636	/work/project/CASCAD/mnaji/fastq_sr/40636.R1.fq.gz,/work/project/CASCAD/mnaji/fastq_sr/40636.R2.fq.gz
40621	/work/project/CASCAD/mnaji/fastq_sr/40621.R1.fq.gz,/work/project/CASCAD/mnaji/fastq_sr/40621.R2.fq.gz
40633	/work/project/CASCAD/mnaji/fastq_sr/40633.R1.fq.gz,/work/project/CASCAD/mnaji/fastq_sr/40633.R2.fq.gz
40616	/work/project/CASCAD/mnaji/fastq_sr/40616.R1.fq.gz,/work/project/CASCAD/mnaji/fastq_sr/40616.R2.fq.gz
40617	/work/project/CASCAD/mnaji/fastq_sr/40617.R1.fq.gz,/work/project/CASCAD/mnaji/fastq_sr/40617.R2.fq.gz
40623	/work/project/CASCAD/mnaji/fastq_sr/40623.R1.fq.gz,/work/project/CASCAD/mnaji/fastq_sr/40623.R2.fq.gz
40624	/work/project/CASCAD/mnaji/fastq_sr/40624.R1.fq.gz,/work/project/CASCAD/mnaji/fastq_sr/40624.R2.fq.gz
40640	/work/project/CASCAD/mnaji/fastq_sr/40640.R1.fq.gz,/work/project/CASCAD/mnaji/fastq_sr/40640.R2.fq.gz
40675	/work/project/CASCAD/mnaji/fastq_sr/40675.R1.fq.gz,/work/project/CASCAD/mnaji/fastq_sr/40675.R2.fq.gz
40682	/work/project/CASCAD/mnaji/fastq_sr/40682.R1.fq.gz,/work/project/CASCAD/mnaji/fastq_sr/40682.R2.fq.gz
40673	/work/project/CASCAD/mnaji/fastq_sr/40673.R1.fq.gz,/work/project/CASCAD/mnaji/fastq_sr/40673.R2.fq.gz
40670	/work/project/CASCAD/mnaji/fastq_sr/40670.R1.fq.gz,/work/project/CASCAD/mnaji/fastq_sr/40670.R2.fq.gz
40680	/work/project/CASCAD/mnaji/fastq_sr/40680.R1.fq.gz,/work/project/CASCAD/mnaji/fastq_sr/40680.R2.fq.gz
40672	/work/project/CASCAD/mnaji/fastq_sr/40672.R1.fq.gz,/work/project/CASCAD/mnaji/fastq_sr/40672.R2.fq.gz
40677	/work/project/CASCAD/mnaji/fastq_sr/40677.R1.fq.gz,/work/project/CASCAD/mnaji/fastq_sr/40677.R2.fq.gz
40681	/work/project/CASCAD/mnaji/fastq_sr/40681.R1.fq.gz,/work/project/CASCAD/mnaji/fastq_sr/40681.R2.fq.gz
40671	/work/project/CASCAD/mnaji/fastq_sr/40671.R1.fq.gz,/work/project/CASCAD/mnaji/fastq_sr/40671.R2.fq.gz
40638	/work/project/CASCAD/mnaji/fastq_sr/40638.R1.fq.gz,/work/project/CASCAD/mnaji/fastq_sr/40638.R2.fq.gz
40674	/work/project/CASCAD/mnaji/fastq_sr/40674.R1.fq.gz,/work/project/CASCAD/mnaji/fastq_sr/40674.R2.fq.gz
40679	/work/project/CASCAD/mnaji/fastq_sr/40679.R1.fq.gz,/work/project/CASCAD/mnaji/fastq_sr/40679.R2.fq.gz
40678	/work/project/CASCAD/mnaji/fastq_sr/40678.R1.fq.gz,/work/project/CASCAD/mnaji/fastq_sr/40678.R2.fq.gz
40676	/work/project/CASCAD/mnaji/fastq_sr/40676.R1.fq.gz,/work/project/CASCAD/mnaji/fastq_sr/40676.R2.fq.gz
40687	/work/project/CASCAD/mnaji/fastq_sr/40687.R1.fq.gz,/work/project/CASCAD/mnaji/fastq_sr/40687.R2.fq.gz
40691	/work/project/CASCAD/mnaji/fastq_sr/40691.R1.fq.gz,/work/project/CASCAD/mnaji/fastq_sr/40691.R2.fq.gz
40685	/work/project/CASCAD/mnaji/fastq_sr/40685.R1.fq.gz,/work/project/CASCAD/mnaji/fastq_sr/40685.R2.fq.gz
40690	/work/project/CASCAD/mnaji/fastq_sr/40690.R1.fq.gz,/work/project/CASCAD/mnaji/fastq_sr/40690.R2.fq.gz
40684	/work/project/CASCAD/mnaji/fastq_sr/40684.R1.fq.gz,/work/project/CASCAD/mnaji/fastq_sr/40684.R2.fq.gz
40692	/work/project/CASCAD/mnaji/fastq_sr/40692.R1.fq.gz,/work/project/CASCAD/mnaji/fastq_sr/40692.R2.fq.gz
40683	/work/project/CASCAD/mnaji/fastq_sr/40683.R1.fq.gz,/work/project/CASCAD/mnaji/fastq_sr/40683.R2.fq.gz
40693	/work/project/CASCAD/mnaji/fastq_sr/40693.R1.fq.gz,/work/project/CASCAD/mnaji/fastq_sr/40693.R2.fq.gz
40695	/work/project/CASCAD/mnaji/fastq_sr/40695.R1.fq.gz,/work/project/CASCAD/mnaji/fastq_sr/40695.R2.fq.gz
40694	/work/project/CASCAD/mnaji/fastq_sr/40694.R1.fq.gz,/work/project/CASCAD/mnaji/fastq_sr/40694.R2.fq.gz
40697	/work/project/CASCAD/mnaji/fastq_sr/40697.R1.fq.gz,/work/project/CASCAD/mnaji/fastq_sr/40697.R2.fq.gz
40698	/work/project/CASCAD/mnaji/fastq_sr/40698.R1.fq.gz,/work/project/CASCAD/mnaji/fastq_sr/40698.R2.fq.gz
40696	/work/project/CASCAD/mnaji/fastq_sr/40696.R1.fq.gz,/work/project/CASCAD/mnaji/fastq_sr/40696.R2.fq.gz
40699	/work/project/CASCAD/mnaji/fastq_sr/40699.R1.fq.gz,/work/project/CASCAD/mnaji/fastq_sr/40699.R2.fq.gz
40707	/work/project/CASCAD/mnaji/fastq_sr/40707.R1.fq.gz,/work/project/CASCAD/mnaji/fastq_sr/40707.R2.fq.gz
40704	/work/project/CASCAD/mnaji/fastq_sr/40704.R1.fq.gz,/work/project/CASCAD/mnaji/fastq_sr/40704.R2.fq.gz
40706	/work/project/CASCAD/mnaji/fastq_sr/40706.R1.fq.gz,/work/project/CASCAD/mnaji/fastq_sr/40706.R2.fq.gz
40701	/work/project/CASCAD/mnaji/fastq_sr/40701.R1.fq.gz,/work/project/CASCAD/mnaji/fastq_sr/40701.R2.fq.gz
40705	/work/project/CASCAD/mnaji/fastq_sr/40705.R1.fq.gz,/work/project/CASCAD/mnaji/fastq_sr/40705.R2.fq.gz
40710	/work/project/CASCAD/mnaji/fastq_sr/40710.R1.fq.gz,/work/project/CASCAD/mnaji/fastq_sr/40710.R2.fq.gz
40709	/work/project/CASCAD/mnaji/fastq_sr/40709.R1.fq.gz,/work/project/CASCAD/mnaji/fastq_sr/40709.R2.fq.gz
40711	/work/project/CASCAD/mnaji/fastq_sr/40711.R1.fq.gz,/work/project/CASCAD/mnaji/fastq_sr/40711.R2.fq.gz
40715	/work/project/CASCAD/mnaji/fastq_sr/40715.R1.fq.gz,/work/project/CASCAD/mnaji/fastq_sr/40715.R2.fq.gz
40708	/work/project/CASCAD/mnaji/fastq_sr/40708.R1.fq.gz,/work/project/CASCAD/mnaji/fastq_sr/40708.R2.fq.gz
40712	/work/project/CASCAD/mnaji/fastq_sr/40712.R1.fq.gz,/work/project/CASCAD/mnaji/fastq_sr/40712.R2.fq.gz
40718	/work/project/CASCAD/mnaji/fastq_sr/40718.R1.fq.gz,/work/project/CASCAD/mnaji/fastq_sr/40718.R2.fq.gz
40771	/work/project/CASCAD/mnaji/fastq_sr/40771.R1.fq.gz,/work/project/CASCAD/mnaji/fastq_sr/40771.R2.fq.gz
40763	/work/project/CASCAD/mnaji/fastq_sr/40763.R1.fq.gz,/work/project/CASCAD/mnaji/fastq_sr/40763.R2.fq.gz
40760	/work/project/CASCAD/mnaji/fastq_sr/40760.R1.fq.gz,/work/project/CASCAD/mnaji/fastq_sr/40760.R2.fq.gz
40766	/work/project/CASCAD/mnaji/fastq_sr/40766.R1.fq.gz,/work/project/CASCAD/mnaji/fastq_sr/40766.R2.fq.gz
40759	/work/project/CASCAD/mnaji/fastq_sr/40759.R1.fq.gz,/work/project/CASCAD/mnaji/fastq_sr/40759.R2.fq.gz
40762	/work/project/CASCAD/mnaji/fastq_sr/40762.R1.fq.gz,/work/project/CASCAD/mnaji/fastq_sr/40762.R2.fq.gz
40767	/work/project/CASCAD/mnaji/fastq_sr/40767.R1.fq.gz,/work/project/CASCAD/mnaji/fastq_sr/40767.R2.fq.gz
40770	/work/project/CASCAD/mnaji/fastq_sr/40770.R1.fq.gz,/work/project/CASCAD/mnaji/fastq_sr/40770.R2.fq.gz
40750	/work/project/CASCAD/mnaji/fastq_sr/40750.R1.fq.gz,/work/project/CASCAD/mnaji/fastq_sr/40750.R2.fq.gz
40772	/work/project/CASCAD/mnaji/fastq_sr/40772.R1.fq.gz,/work/project/CASCAD/mnaji/fastq_sr/40772.R2.fq.gz
40761	/work/project/CASCAD/mnaji/fastq_sr/40761.R1.fq.gz,/work/project/CASCAD/mnaji/fastq_sr/40761.R2.fq.gz
40751	/work/project/CASCAD/mnaji/fastq_sr/40751.R1.fq.gz,/work/project/CASCAD/mnaji/fastq_sr/40751.R2.fq.gz
40765	/work/project/CASCAD/mnaji/fastq_sr/40765.R1.fq.gz,/work/project/CASCAD/mnaji/fastq_sr/40765.R2.fq.gz
40757	/work/project/CASCAD/mnaji/fastq_sr/40757.R1.fq.gz,/work/project/CASCAD/mnaji/fastq_sr/40757.R2.fq.gz
40963	/work/project/CASCAD/mnaji/fastq_sr/40963.R1.fq.gz,/work/project/CASCAD/mnaji/fastq_sr/40963.R2.fq.gz
40961	/work/project/CASCAD/mnaji/fastq_sr/40961.R1.fq.gz,/work/project/CASCAD/mnaji/fastq_sr/40961.R2.fq.gz
40801	/work/project/CASCAD/mnaji/fastq_sr/40801.R1.fq.gz,/work/project/CASCAD/mnaji/fastq_sr/40801.R2.fq.gz
40966	/work/project/CASCAD/mnaji/fastq_sr/40966.R1.fq.gz,/work/project/CASCAD/mnaji/fastq_sr/40966.R2.fq.gz
40964	/work/project/CASCAD/mnaji/fastq_sr/40964.R1.fq.gz,/work/project/CASCAD/mnaji/fastq_sr/40964.R2.fq.gz
40967	/work/project/CASCAD/mnaji/fastq_sr/40967.R1.fq.gz,/work/project/CASCAD/mnaji/fastq_sr/40967.R2.fq.gz
40969	/work/project/CASCAD/mnaji/fastq_sr/40969.R1.fq.gz,/work/project/CASCAD/mnaji/fastq_sr/40969.R2.fq.gz
40970	/work/project/CASCAD/mnaji/fastq_sr/40970.R1.fq.gz,/work/project/CASCAD/mnaji/fastq_sr/40970.R2.fq.gz
40973	/work/project/CASCAD/mnaji/fastq_sr/40973.R1.fq.gz,/work/project/CASCAD/mnaji/fastq_sr/40973.R2.fq.gz
40983	/work/project/CASCAD/mnaji/fastq_sr/40983.R1.fq.gz,/work/project/CASCAD/mnaji/fastq_sr/40983.R2.fq.gz
41011	/work/project/CASCAD/mnaji/fastq_sr/41011.R1.fq.gz,/work/project/CASCAD/mnaji/fastq_sr/41011.R2.fq.gz
41009	/work/project/CASCAD/mnaji/fastq_sr/41009.R1.fq.gz,/work/project/CASCAD/mnaji/fastq_sr/41009.R2.fq.gz
41006	/work/project/CASCAD/mnaji/fastq_sr/41006.R1.fq.gz,/work/project/CASCAD/mnaji/fastq_sr/41006.R2.fq.gz
41007	/work/project/CASCAD/mnaji/fastq_sr/41007.R1.fq.gz,/work/project/CASCAD/mnaji/fastq_sr/41007.R2.fq.gz
41004	/work/project/CASCAD/mnaji/fastq_sr/41004.R1.fq.gz,/work/project/CASCAD/mnaji/fastq_sr/41004.R2.fq.gz
41010	/work/project/CASCAD/mnaji/fastq_sr/41010.R1.fq.gz,/work/project/CASCAD/mnaji/fastq_sr/41010.R2.fq.gz
41008	/work/project/CASCAD/mnaji/fastq_sr/41008.R1.fq.gz,/work/project/CASCAD/mnaji/fastq_sr/41008.R2.fq.gz
41013	/work/project/CASCAD/mnaji/fastq_sr/41013.R1.fq.gz,/work/project/CASCAD/mnaji/fastq_sr/41013.R2.fq.gz
41005	/work/project/CASCAD/mnaji/fastq_sr/41005.R1.fq.gz,/work/project/CASCAD/mnaji/fastq_sr/41005.R2.fq.gz
41014	/work/project/CASCAD/mnaji/fastq_sr/41014.R1.fq.gz,/work/project/CASCAD/mnaji/fastq_sr/41014.R2.fq.gz
41021	/work/project/CASCAD/mnaji/fastq_sr/41021.R1.fq.gz,/work/project/CASCAD/mnaji/fastq_sr/41021.R2.fq.gz
41025	/work/project/CASCAD/mnaji/fastq_sr/41025.R1.fq.gz,/work/project/CASCAD/mnaji/fastq_sr/41025.R2.fq.gz
41022	/work/project/CASCAD/mnaji/fastq_sr/41022.R1.fq.gz,/work/project/CASCAD/mnaji/fastq_sr/41022.R2.fq.gz
41023	/work/project/CASCAD/mnaji/fastq_sr/41023.R1.fq.gz,/work/project/CASCAD/mnaji/fastq_sr/41023.R2.fq.gz
41024	/work/project/CASCAD/mnaji/fastq_sr/41024.R1.fq.gz,/work/project/CASCAD/mnaji/fastq_sr/41024.R2.fq.gz
41018	/work/project/CASCAD/mnaji/fastq_sr/41018.R1.fq.gz,/work/project/CASCAD/mnaji/fastq_sr/41018.R2.fq.gz
41015	/work/project/CASCAD/mnaji/fastq_sr/41015.R1.fq.gz,/work/project/CASCAD/mnaji/fastq_sr/41015.R2.fq.gz
41017	/work/project/CASCAD/mnaji/fastq_sr/41017.R1.fq.gz,/work/project/CASCAD/mnaji/fastq_sr/41017.R2.fq.gz
41020	/work/project/CASCAD/mnaji/fastq_sr/41020.R1.fq.gz,/work/project/CASCAD/mnaji/fastq_sr/41020.R2.fq.gz
41019	/work/project/CASCAD/mnaji/fastq_sr/41019.R1.fq.gz,/work/project/CASCAD/mnaji/fastq_sr/41019.R2.fq.gz
41038	/work/project/CASCAD/mnaji/fastq_sr/41038.R1.fq.gz,/work/project/CASCAD/mnaji/fastq_sr/41038.R2.fq.gz
41026	/work/project/CASCAD/mnaji/fastq_sr/41026.R1.fq.gz,/work/project/CASCAD/mnaji/fastq_sr/41026.R2.fq.gz
41039	/work/project/CASCAD/mnaji/fastq_sr/41039.R1.fq.gz,/work/project/CASCAD/mnaji/fastq_sr/41039.R2.fq.gz
41034	/work/project/CASCAD/mnaji/fastq_sr/41034.R1.fq.gz,/work/project/CASCAD/mnaji/fastq_sr/41034.R2.fq.gz
41032	/work/project/CASCAD/mnaji/fastq_sr/41032.R1.fq.gz,/work/project/CASCAD/mnaji/fastq_sr/41032.R2.fq.gz
41037	/work/project/CASCAD/mnaji/fastq_sr/41037.R1.fq.gz,/work/project/CASCAD/mnaji/fastq_sr/41037.R2.fq.gz
41030	/work/project/CASCAD/mnaji/fastq_sr/41030.R1.fq.gz,/work/project/CASCAD/mnaji/fastq_sr/41030.R2.fq.gz
41029	/work/project/CASCAD/mnaji/fastq_sr/41029.R1.fq.gz,/work/project/CASCAD/mnaji/fastq_sr/41029.R2.fq.gz
41040	/work/project/CASCAD/mnaji/fastq_sr/41040.R1.fq.gz,/work/project/CASCAD/mnaji/fastq_sr/41040.R2.fq.gz
41027	/work/project/CASCAD/mnaji/fastq_sr/41027.R1.fq.gz,/work/project/CASCAD/mnaji/fastq_sr/41027.R2.fq.gz
41031	/work/project/CASCAD/mnaji/fastq_sr/41031.R1.fq.gz,/work/project/CASCAD/mnaji/fastq_sr/41031.R2.fq.gz
41036	/work/project/CASCAD/mnaji/fastq_sr/41036.R1.fq.gz,/work/project/CASCAD/mnaji/fastq_sr/41036.R2.fq.gz
41035	/work/project/CASCAD/mnaji/fastq_sr/41035.R1.fq.gz,/work/project/CASCAD/mnaji/fastq_sr/41035.R2.fq.gz
41028	/work/project/CASCAD/mnaji/fastq_sr/41028.R1.fq.gz,/work/project/CASCAD/mnaji/fastq_sr/41028.R2.fq.gz
41033	/work/project/CASCAD/mnaji/fastq_sr/41033.R1.fq.gz,/work/project/CASCAD/mnaji/fastq_sr/41033.R2.fq.gz
41058	/work/project/CASCAD/mnaji/fastq_sr/41058.R1.fq.gz,/work/project/CASCAD/mnaji/fastq_sr/41058.R2.fq.gz
41049	/work/project/CASCAD/mnaji/fastq_sr/41049.R1.fq.gz,/work/project/CASCAD/mnaji/fastq_sr/41049.R2.fq.gz
41042	/work/project/CASCAD/mnaji/fastq_sr/41042.R1.fq.gz,/work/project/CASCAD/mnaji/fastq_sr/41042.R2.fq.gz
41052	/work/project/CASCAD/mnaji/fastq_sr/41052.R1.fq.gz,/work/project/CASCAD/mnaji/fastq_sr/41052.R2.fq.gz
41057	/work/project/CASCAD/mnaji/fastq_sr/41057.R1.fq.gz,/work/project/CASCAD/mnaji/fastq_sr/41057.R2.fq.gz
41046	/work/project/CASCAD/mnaji/fastq_sr/41046.R1.fq.gz,/work/project/CASCAD/mnaji/fastq_sr/41046.R2.fq.gz
41060	/work/project/CASCAD/mnaji/fastq_sr/41060.R1.fq.gz,/work/project/CASCAD/mnaji/fastq_sr/41060.R2.fq.gz
41044	/work/project/CASCAD/mnaji/fastq_sr/41044.R1.fq.gz,/work/project/CASCAD/mnaji/fastq_sr/41044.R2.fq.gz
41048	/work/project/CASCAD/mnaji/fastq_sr/41048.R1.fq.gz,/work/project/CASCAD/mnaji/fastq_sr/41048.R2.fq.gz
41043	/work/project/CASCAD/mnaji/fastq_sr/41043.R1.fq.gz,/work/project/CASCAD/mnaji/fastq_sr/41043.R2.fq.gz
41041	/work/project/CASCAD/mnaji/fastq_sr/41041.R1.fq.gz,/work/project/CASCAD/mnaji/fastq_sr/41041.R2.fq.gz
41051	/work/project/CASCAD/mnaji/fastq_sr/41051.R1.fq.gz,/work/project/CASCAD/mnaji/fastq_sr/41051.R2.fq.gz
41059	/work/project/CASCAD/mnaji/fastq_sr/41059.R1.fq.gz,/work/project/CASCAD/mnaji/fastq_sr/41059.R2.fq.gz
41056	/work/project/CASCAD/mnaji/fastq_sr/41056.R1.fq.gz,/work/project/CASCAD/mnaji/fastq_sr/41056.R2.fq.gz
41070	/work/project/CASCAD/mnaji/fastq_sr/41070.R1.fq.gz,/work/project/CASCAD/mnaji/fastq_sr/41070.R2.fq.gz
41067	/work/project/CASCAD/mnaji/fastq_sr/41067.R1.fq.gz,/work/project/CASCAD/mnaji/fastq_sr/41067.R2.fq.gz
41074	/work/project/CASCAD/mnaji/fastq_sr/41074.R1.fq.gz,/work/project/CASCAD/mnaji/fastq_sr/41074.R2.fq.gz
41068	/work/project/CASCAD/mnaji/fastq_sr/41068.R1.fq.gz,/work/project/CASCAD/mnaji/fastq_sr/41068.R2.fq.gz
41062	/work/project/CASCAD/mnaji/fastq_sr/41062.R1.fq.gz,/work/project/CASCAD/mnaji/fastq_sr/41062.R2.fq.gz
41073	/work/project/CASCAD/mnaji/fastq_sr/41073.R1.fq.gz,/work/project/CASCAD/mnaji/fastq_sr/41073.R2.fq.gz
41077	/work/project/CASCAD/mnaji/fastq_sr/41077.R1.fq.gz,/work/project/CASCAD/mnaji/fastq_sr/41077.R2.fq.gz
41076	/work/project/CASCAD/mnaji/fastq_sr/41076.R1.fq.gz,/work/project/CASCAD/mnaji/fastq_sr/41076.R2.fq.gz
41075	/work/project/CASCAD/mnaji/fastq_sr/41075.R1.fq.gz,/work/project/CASCAD/mnaji/fastq_sr/41075.R2.fq.gz
41066	/work/project/CASCAD/mnaji/fastq_sr/41066.R1.fq.gz,/work/project/CASCAD/mnaji/fastq_sr/41066.R2.fq.gz
41061	/work/project/CASCAD/mnaji/fastq_sr/41061.R1.fq.gz,/work/project/CASCAD/mnaji/fastq_sr/41061.R2.fq.gz
41064	/work/project/CASCAD/mnaji/fastq_sr/41064.R1.fq.gz,/work/project/CASCAD/mnaji/fastq_sr/41064.R2.fq.gz
41065	/work/project/CASCAD/mnaji/fastq_sr/41065.R1.fq.gz,/work/project/CASCAD/mnaji/fastq_sr/41065.R2.fq.gz
41082	/work/project/CASCAD/mnaji/fastq_sr/41082.R1.fq.gz,/work/project/CASCAD/mnaji/fastq_sr/41082.R2.fq.gz
41072	/work/project/CASCAD/mnaji/fastq_sr/41072.R1.fq.gz,/work/project/CASCAD/mnaji/fastq_sr/41072.R2.fq.gz
41078	/work/project/CASCAD/mnaji/fastq_sr/41078.R1.fq.gz,/work/project/CASCAD/mnaji/fastq_sr/41078.R2.fq.gz
41079	/work/project/CASCAD/mnaji/fastq_sr/41079.R1.fq.gz,/work/project/CASCAD/mnaji/fastq_sr/41079.R2.fq.gz
41080	/work/project/CASCAD/mnaji/fastq_sr/41080.R1.fq.gz,/work/project/CASCAD/mnaji/fastq_sr/41080.R2.fq.gz
41081	/work/project/CASCAD/mnaji/fastq_sr/41081.R1.fq.gz,/work/project/CASCAD/mnaji/fastq_sr/41081.R2.fq.gz
41083	/work/project/CASCAD/mnaji/fastq_sr/41083.R1.fq.gz,/work/project/CASCAD/mnaji/fastq_sr/41083.R2.fq.gz
41086	/work/project/CASCAD/mnaji/fastq_sr/41086.R1.fq.gz,/work/project/CASCAD/mnaji/fastq_sr/41086.R2.fq.gz
41135	/work/project/CASCAD/mnaji/fastq_sr/41135.R1.fq.gz,/work/project/CASCAD/mnaji/fastq_sr/41135.R2.fq.gz
41087	/work/project/CASCAD/mnaji/fastq_sr/41087.R1.fq.gz,/work/project/CASCAD/mnaji/fastq_sr/41087.R2.fq.gz
41085	/work/project/CASCAD/mnaji/fastq_sr/41085.R1.fq.gz,/work/project/CASCAD/mnaji/fastq_sr/41085.R2.fq.gz
41134	/work/project/CASCAD/mnaji/fastq_sr/41134.R1.fq.gz,/work/project/CASCAD/mnaji/fastq_sr/41134.R2.fq.gz
41089	/work/project/CASCAD/mnaji/fastq_sr/41089.R1.fq.gz,/work/project/CASCAD/mnaji/fastq_sr/41089.R2.fq.gz
41132	/work/project/CASCAD/mnaji/fastq_sr/41132.R1.fq.gz,/work/project/CASCAD/mnaji/fastq_sr/41132.R2.fq.gz
41136	/work/project/CASCAD/mnaji/fastq_sr/41136.R1.fq.gz,/work/project/CASCAD/mnaji/fastq_sr/41136.R2.fq.gz
41092	/work/project/CASCAD/mnaji/fastq_sr/41092.R1.fq.gz,/work/project/CASCAD/mnaji/fastq_sr/41092.R2.fq.gz
41144	/work/project/CASCAD/mnaji/fastq_sr/41144.R1.fq.gz,/work/project/CASCAD/mnaji/fastq_sr/41144.R2.fq.gz
41140	/work/project/CASCAD/mnaji/fastq_sr/41140.R1.fq.gz,/work/project/CASCAD/mnaji/fastq_sr/41140.R2.fq.gz
41149	/work/project/CASCAD/mnaji/fastq_sr/41149.R1.fq.gz,/work/project/CASCAD/mnaji/fastq_sr/41149.R2.fq.gz
41142	/work/project/CASCAD/mnaji/fastq_sr/41142.R1.fq.gz,/work/project/CASCAD/mnaji/fastq_sr/41142.R2.fq.gz
41138	/work/project/CASCAD/mnaji/fastq_sr/41138.R1.fq.gz,/work/project/CASCAD/mnaji/fastq_sr/41138.R2.fq.gz
41153	/work/project/CASCAD/mnaji/fastq_sr/41153.R1.fq.gz,/work/project/CASCAD/mnaji/fastq_sr/41153.R2.fq.gz
41146	/work/project/CASCAD/mnaji/fastq_sr/41146.R1.fq.gz,/work/project/CASCAD/mnaji/fastq_sr/41146.R2.fq.gz
41148	/work/project/CASCAD/mnaji/fastq_sr/41148.R1.fq.gz,/work/project/CASCAD/mnaji/fastq_sr/41148.R2.fq.gz
41137	/work/project/CASCAD/mnaji/fastq_sr/41137.R1.fq.gz,/work/project/CASCAD/mnaji/fastq_sr/41137.R2.fq.gz
41150	/work/project/CASCAD/mnaji/fastq_sr/41150.R1.fq.gz,/work/project/CASCAD/mnaji/fastq_sr/41150.R2.fq.gz
41139	/work/project/CASCAD/mnaji/fastq_sr/41139.R1.fq.gz,/work/project/CASCAD/mnaji/fastq_sr/41139.R2.fq.gz
41152	/work/project/CASCAD/mnaji/fastq_sr/41152.R1.fq.gz,/work/project/CASCAD/mnaji/fastq_sr/41152.R2.fq.gz
41145	/work/project/CASCAD/mnaji/fastq_sr/41145.R1.fq.gz,/work/project/CASCAD/mnaji/fastq_sr/41145.R2.fq.gz
41141	/work/project/CASCAD/mnaji/fastq_sr/41141.R1.fq.gz,/work/project/CASCAD/mnaji/fastq_sr/41141.R2.fq.gz
41143	/work/project/CASCAD/mnaji/fastq_sr/41143.R1.fq.gz,/work/project/CASCAD/mnaji/fastq_sr/41143.R2.fq.gz
41160	/work/project/CASCAD/mnaji/fastq_sr/41160.R1.fq.gz,/work/project/CASCAD/mnaji/fastq_sr/41160.R2.fq.gz
41154	/work/project/CASCAD/mnaji/fastq_sr/41154.R1.fq.gz,/work/project/CASCAD/mnaji/fastq_sr/41154.R2.fq.gz
41156	/work/project/CASCAD/mnaji/fastq_sr/41156.R1.fq.gz,/work/project/CASCAD/mnaji/fastq_sr/41156.R2.fq.gz
41157	/work/project/CASCAD/mnaji/fastq_sr/41157.R1.fq.gz,/work/project/CASCAD/mnaji/fastq_sr/41157.R2.fq.gz
41158	/work/project/CASCAD/mnaji/fastq_sr/41158.R1.fq.gz,/work/project/CASCAD/mnaji/fastq_sr/41158.R2.fq.gz
41165	/work/project/CASCAD/mnaji/fastq_sr/41165.R1.fq.gz,/work/project/CASCAD/mnaji/fastq_sr/41165.R2.fq.gz
41166	/work/project/CASCAD/mnaji/fastq_sr/41166.R1.fq.gz,/work/project/CASCAD/mnaji/fastq_sr/41166.R2.fq.gz
41161	/work/project/CASCAD/mnaji/fastq_sr/41161.R1.fq.gz,/work/project/CASCAD/mnaji/fastq_sr/41161.R2.fq.gz
41159	/work/project/CASCAD/mnaji/fastq_sr/41159.R1.fq.gz,/work/project/CASCAD/mnaji/fastq_sr/41159.R2.fq.gz
41162	/work/project/CASCAD/mnaji/fastq_sr/41162.R1.fq.gz,/work/project/CASCAD/mnaji/fastq_sr/41162.R2.fq.gz
41155	/work/project/CASCAD/mnaji/fastq_sr/41155.R1.fq.gz,/work/project/CASCAD/mnaji/fastq_sr/41155.R2.fq.gz
41168	/work/project/CASCAD/mnaji/fastq_sr/41168.R1.fq.gz,/work/project/CASCAD/mnaji/fastq_sr/41168.R2.fq.gz
41170	/work/project/CASCAD/mnaji/fastq_sr/41170.R1.fq.gz,/work/project/CASCAD/mnaji/fastq_sr/41170.R2.fq.gz
41167	/work/project/CASCAD/mnaji/fastq_sr/41167.R1.fq.gz,/work/project/CASCAD/mnaji/fastq_sr/41167.R2.fq.gz
41169	/work/project/CASCAD/mnaji/fastq_sr/41169.R1.fq.gz,/work/project/CASCAD/mnaji/fastq_sr/41169.R2.fq.gz
41181	/work/project/CASCAD/mnaji/fastq_sr/41181.R1.fq.gz,/work/project/CASCAD/mnaji/fastq_sr/41181.R2.fq.gz
41182	/work/project/CASCAD/mnaji/fastq_sr/41182.R1.fq.gz,/work/project/CASCAD/mnaji/fastq_sr/41182.R2.fq.gz
41173	/work/project/CASCAD/mnaji/fastq_sr/41173.R1.fq.gz,/work/project/CASCAD/mnaji/fastq_sr/41173.R2.fq.gz
41174	/work/project/CASCAD/mnaji/fastq_sr/41174.R1.fq.gz,/work/project/CASCAD/mnaji/fastq_sr/41174.R2.fq.gz
41180	/work/project/CASCAD/mnaji/fastq_sr/41180.R1.fq.gz,/work/project/CASCAD/mnaji/fastq_sr/41180.R2.fq.gz
41172	/work/project/CASCAD/mnaji/fastq_sr/41172.R1.fq.gz,/work/project/CASCAD/mnaji/fastq_sr/41172.R2.fq.gz
41176	/work/project/CASCAD/mnaji/fastq_sr/41176.R1.fq.gz,/work/project/CASCAD/mnaji/fastq_sr/41176.R2.fq.gz
41178	/work/project/CASCAD/mnaji/fastq_sr/41178.R1.fq.gz,/work/project/CASCAD/mnaji/fastq_sr/41178.R2.fq.gz
41175	/work/project/CASCAD/mnaji/fastq_sr/41175.R1.fq.gz,/work/project/CASCAD/mnaji/fastq_sr/41175.R2.fq.gz
41177	/work/project/CASCAD/mnaji/fastq_sr/41177.R1.fq.gz,/work/project/CASCAD/mnaji/fastq_sr/41177.R2.fq.gz
41184	/work/project/CASCAD/mnaji/fastq_sr/41184.R1.fq.gz,/work/project/CASCAD/mnaji/fastq_sr/41184.R2.fq.gz
41171	/work/project/CASCAD/mnaji/fastq_sr/41171.R1.fq.gz,/work/project/CASCAD/mnaji/fastq_sr/41171.R2.fq.gz
41191	/work/project/CASCAD/mnaji/fastq_sr/41191.R1.fq.gz,/work/project/CASCAD/mnaji/fastq_sr/41191.R2.fq.gz
41190	/work/project/CASCAD/mnaji/fastq_sr/41190.R1.fq.gz,/work/project/CASCAD/mnaji/fastq_sr/41190.R2.fq.gz
41189	/work/project/CASCAD/mnaji/fastq_sr/41189.R1.fq.gz,/work/project/CASCAD/mnaji/fastq_sr/41189.R2.fq.gz
41194	/work/project/CASCAD/mnaji/fastq_sr/41194.R1.fq.gz,/work/project/CASCAD/mnaji/fastq_sr/41194.R2.fq.gz
41193	/work/project/CASCAD/mnaji/fastq_sr/41193.R1.fq.gz,/work/project/CASCAD/mnaji/fastq_sr/41193.R2.fq.gz
41192	/work/project/CASCAD/mnaji/fastq_sr/41192.R1.fq.gz,/work/project/CASCAD/mnaji/fastq_sr/41192.R2.fq.gz
41202	/work/project/CASCAD/mnaji/fastq_sr/41202.R1.fq.gz,/work/project/CASCAD/mnaji/fastq_sr/41202.R2.fq.gz
41196	/work/project/CASCAD/mnaji/fastq_sr/41196.R1.fq.gz,/work/project/CASCAD/mnaji/fastq_sr/41196.R2.fq.gz
41206	/work/project/CASCAD/mnaji/fastq_sr/41206.R1.fq.gz,/work/project/CASCAD/mnaji/fastq_sr/41206.R2.fq.gz
41199	/work/project/CASCAD/mnaji/fastq_sr/41199.R1.fq.gz,/work/project/CASCAD/mnaji/fastq_sr/41199.R2.fq.gz
41204	/work/project/CASCAD/mnaji/fastq_sr/41204.R1.fq.gz,/work/project/CASCAD/mnaji/fastq_sr/41204.R2.fq.gz
41200	/work/project/CASCAD/mnaji/fastq_sr/41200.R1.fq.gz,/work/project/CASCAD/mnaji/fastq_sr/41200.R2.fq.gz
41195	/work/project/CASCAD/mnaji/fastq_sr/41195.R1.fq.gz,/work/project/CASCAD/mnaji/fastq_sr/41195.R2.fq.gz
41198	/work/project/CASCAD/mnaji/fastq_sr/41198.R1.fq.gz,/work/project/CASCAD/mnaji/fastq_sr/41198.R2.fq.gz
41205	/work/project/CASCAD/mnaji/fastq_sr/41205.R1.fq.gz,/work/project/CASCAD/mnaji/fastq_sr/41205.R2.fq.gz
41201	/work/project/CASCAD/mnaji/fastq_sr/41201.R1.fq.gz,/work/project/CASCAD/mnaji/fastq_sr/41201.R2.fq.gz
41197	/work/project/CASCAD/mnaji/fastq_sr/41197.R1.fq.gz,/work/project/CASCAD/mnaji/fastq_sr/41197.R2.fq.gz
41203	/work/project/CASCAD/mnaji/fastq_sr/41203.R1.fq.gz,/work/project/CASCAD/mnaji/fastq_sr/41203.R2.fq.gz
41211	/work/project/CASCAD/mnaji/fastq_sr/41211.R1.fq.gz,/work/project/CASCAD/mnaji/fastq_sr/41211.R2.fq.gz
41210	/work/project/CASCAD/mnaji/fastq_sr/41210.R1.fq.gz,/work/project/CASCAD/mnaji/fastq_sr/41210.R2.fq.gz
41213	/work/project/CASCAD/mnaji/fastq_sr/41213.R1.fq.gz,/work/project/CASCAD/mnaji/fastq_sr/41213.R2.fq.gz
41208	/work/project/CASCAD/mnaji/fastq_sr/41208.R1.fq.gz,/work/project/CASCAD/mnaji/fastq_sr/41208.R2.fq.gz
41212	/work/project/CASCAD/mnaji/fastq_sr/41212.R1.fq.gz,/work/project/CASCAD/mnaji/fastq_sr/41212.R2.fq.gz
41218	/work/project/CASCAD/mnaji/fastq_sr/41218.R1.fq.gz,/work/project/CASCAD/mnaji/fastq_sr/41218.R2.fq.gz
41219	/work/project/CASCAD/mnaji/fastq_sr/41219.R1.fq.gz,/work/project/CASCAD/mnaji/fastq_sr/41219.R2.fq.gz
41209	/work/project/CASCAD/mnaji/fastq_sr/41209.R1.fq.gz,/work/project/CASCAD/mnaji/fastq_sr/41209.R2.fq.gz
41207	/work/project/CASCAD/mnaji/fastq_sr/41207.R1.fq.gz,/work/project/CASCAD/mnaji/fastq_sr/41207.R2.fq.gz
41217	/work/project/CASCAD/mnaji/fastq_sr/41217.R1.fq.gz,/work/project/CASCAD/mnaji/fastq_sr/41217.R2.fq.gz
41224	/work/project/CASCAD/mnaji/fastq_sr/41224.R1.fq.gz,/work/project/CASCAD/mnaji/fastq_sr/41224.R2.fq.gz
41221	/work/project/CASCAD/mnaji/fastq_sr/41221.R1.fq.gz,/work/project/CASCAD/mnaji/fastq_sr/41221.R2.fq.gz
41222	/work/project/CASCAD/mnaji/fastq_sr/41222.R1.fq.gz,/work/project/CASCAD/mnaji/fastq_sr/41222.R2.fq.gz
41223	/work/project/CASCAD/mnaji/fastq_sr/41223.R1.fq.gz,/work/project/CASCAD/mnaji/fastq_sr/41223.R2.fq.gz
41225	/work/project/CASCAD/mnaji/fastq_sr/41225.R1.fq.gz,/work/project/CASCAD/mnaji/fastq_sr/41225.R2.fq.gz
41228	/work/project/CASCAD/mnaji/fastq_sr/41228.R1.fq.gz,/work/project/CASCAD/mnaji/fastq_sr/41228.R2.fq.gz
41236	/work/project/CASCAD/mnaji/fastq_sr/41236.R1.fq.gz,/work/project/CASCAD/mnaji/fastq_sr/41236.R2.fq.gz
41234	/work/project/CASCAD/mnaji/fastq_sr/41234.R1.fq.gz,/work/project/CASCAD/mnaji/fastq_sr/41234.R2.fq.gz
41235	/work/project/CASCAD/mnaji/fastq_sr/41235.R1.fq.gz,/work/project/CASCAD/mnaji/fastq_sr/41235.R2.fq.gz
41238	/work/project/CASCAD/mnaji/fastq_sr/41238.R1.fq.gz,/work/project/CASCAD/mnaji/fastq_sr/41238.R2.fq.gz
41240	/work/project/CASCAD/mnaji/fastq_sr/41240.R1.fq.gz,/work/project/CASCAD/mnaji/fastq_sr/41240.R2.fq.gz
41241	/work/project/CASCAD/mnaji/fastq_sr/41241.R1.fq.gz,/work/project/CASCAD/mnaji/fastq_sr/41241.R2.fq.gz
41233	/work/project/CASCAD/mnaji/fastq_sr/41233.R1.fq.gz,/work/project/CASCAD/mnaji/fastq_sr/41233.R2.fq.gz
41229	/work/project/CASCAD/mnaji/fastq_sr/41229.R1.fq.gz,/work/project/CASCAD/mnaji/fastq_sr/41229.R2.fq.gz
41231	/work/project/CASCAD/mnaji/fastq_sr/41231.R1.fq.gz,/work/project/CASCAD/mnaji/fastq_sr/41231.R2.fq.gz
41242	/work/project/CASCAD/mnaji/fastq_sr/41242.R1.fq.gz,/work/project/CASCAD/mnaji/fastq_sr/41242.R2.fq.gz
41243	/work/project/CASCAD/mnaji/fastq_sr/41243.R1.fq.gz,/work/project/CASCAD/mnaji/fastq_sr/41243.R2.fq.gz
41244	/work/project/CASCAD/mnaji/fastq_sr/41244.R1.fq.gz,/work/project/CASCAD/mnaji/fastq_sr/41244.R2.fq.gz
41246	/work/project/CASCAD/mnaji/fastq_sr/41246.R1.fq.gz,/work/project/CASCAD/mnaji/fastq_sr/41246.R2.fq.gz
41245	/work/project/CASCAD/mnaji/fastq_sr/41245.R1.fq.gz,/work/project/CASCAD/mnaji/fastq_sr/41245.R2.fq.gz
41256	/work/project/CASCAD/mnaji/fastq_sr/41256.R1.fq.gz,/work/project/CASCAD/mnaji/fastq_sr/41256.R2.fq.gz
41254	/work/project/CASCAD/mnaji/fastq_sr/41254.R1.fq.gz,/work/project/CASCAD/mnaji/fastq_sr/41254.R2.fq.gz
41250	/work/project/CASCAD/mnaji/fastq_sr/41250.R1.fq.gz,/work/project/CASCAD/mnaji/fastq_sr/41250.R2.fq.gz
41253	/work/project/CASCAD/mnaji/fastq_sr/41253.R1.fq.gz,/work/project/CASCAD/mnaji/fastq_sr/41253.R2.fq.gz
41249	/work/project/CASCAD/mnaji/fastq_sr/41249.R1.fq.gz,/work/project/CASCAD/mnaji/fastq_sr/41249.R2.fq.gz
41258	/work/project/CASCAD/mnaji/fastq_sr/41258.R1.fq.gz,/work/project/CASCAD/mnaji/fastq_sr/41258.R2.fq.gz
41251	/work/project/CASCAD/mnaji/fastq_sr/41251.R1.fq.gz,/work/project/CASCAD/mnaji/fastq_sr/41251.R2.fq.gz
41257	/work/project/CASCAD/mnaji/fastq_sr/41257.R1.fq.gz,/work/project/CASCAD/mnaji/fastq_sr/41257.R2.fq.gz
41252	/work/project/CASCAD/mnaji/fastq_sr/41252.R1.fq.gz,/work/project/CASCAD/mnaji/fastq_sr/41252.R2.fq.gz
41248	/work/project/CASCAD/mnaji/fastq_sr/41248.R1.fq.gz,/work/project/CASCAD/mnaji/fastq_sr/41248.R2.fq.gz
41259	/work/project/CASCAD/mnaji/fastq_sr/41259.R1.fq.gz,/work/project/CASCAD/mnaji/fastq_sr/41259.R2.fq.gz
41260	/work/project/CASCAD/mnaji/fastq_sr/41260.R1.fq.gz,/work/project/CASCAD/mnaji/fastq_sr/41260.R2.fq.gz
41262	/work/project/CASCAD/mnaji/fastq_sr/41262.R1.fq.gz,/work/project/CASCAD/mnaji/fastq_sr/41262.R2.fq.gz
41263	/work/project/CASCAD/mnaji/fastq_sr/41263.R1.fq.gz,/work/project/CASCAD/mnaji/fastq_sr/41263.R2.fq.gz
41261	/work/project/CASCAD/mnaji/fastq_sr/41261.R1.fq.gz,/work/project/CASCAD/mnaji/fastq_sr/41261.R2.fq.gz
41266	/work/project/CASCAD/mnaji/fastq_sr/41266.R1.fq.gz,/work/project/CASCAD/mnaji/fastq_sr/41266.R2.fq.gz
41264	/work/project/CASCAD/mnaji/fastq_sr/41264.R1.fq.gz,/work/project/CASCAD/mnaji/fastq_sr/41264.R2.fq.gz
41268	/work/project/CASCAD/mnaji/fastq_sr/41268.R1.fq.gz,/work/project/CASCAD/mnaji/fastq_sr/41268.R2.fq.gz
41267	/work/project/CASCAD/mnaji/fastq_sr/41267.R1.fq.gz,/work/project/CASCAD/mnaji/fastq_sr/41267.R2.fq.gz
41265	/work/project/CASCAD/mnaji/fastq_sr/41265.R1.fq.gz,/work/project/CASCAD/mnaji/fastq_sr/41265.R2.fq.gz
41278	/work/project/CASCAD/mnaji/fastq_sr/41278.R1.fq.gz,/work/project/CASCAD/mnaji/fastq_sr/41278.R2.fq.gz
41273	/work/project/CASCAD/mnaji/fastq_sr/41273.R1.fq.gz,/work/project/CASCAD/mnaji/fastq_sr/41273.R2.fq.gz
41280	/work/project/CASCAD/mnaji/fastq_sr/41280.R1.fq.gz,/work/project/CASCAD/mnaji/fastq_sr/41280.R2.fq.gz
41270	/work/project/CASCAD/mnaji/fastq_sr/41270.R1.fq.gz,/work/project/CASCAD/mnaji/fastq_sr/41270.R2.fq.gz
41272	/work/project/CASCAD/mnaji/fastq_sr/41272.R1.fq.gz,/work/project/CASCAD/mnaji/fastq_sr/41272.R2.fq.gz
41275	/work/project/CASCAD/mnaji/fastq_sr/41275.R1.fq.gz,/work/project/CASCAD/mnaji/fastq_sr/41275.R2.fq.gz
41277	/work/project/CASCAD/mnaji/fastq_sr/41277.R1.fq.gz,/work/project/CASCAD/mnaji/fastq_sr/41277.R2.fq.gz
41271	/work/project/CASCAD/mnaji/fastq_sr/41271.R1.fq.gz,/work/project/CASCAD/mnaji/fastq_sr/41271.R2.fq.gz
41269	/work/project/CASCAD/mnaji/fastq_sr/41269.R1.fq.gz,/work/project/CASCAD/mnaji/fastq_sr/41269.R2.fq.gz
41276	/work/project/CASCAD/mnaji/fastq_sr/41276.R1.fq.gz,/work/project/CASCAD/mnaji/fastq_sr/41276.R2.fq.gz
41274	/work/project/CASCAD/mnaji/fastq_sr/41274.R1.fq.gz,/work/project/CASCAD/mnaji/fastq_sr/41274.R2.fq.gz
41283	/work/project/CASCAD/mnaji/fastq_sr/41283.R1.fq.gz,/work/project/CASCAD/mnaji/fastq_sr/41283.R2.fq.gz
41279	/work/project/CASCAD/mnaji/fastq_sr/41279.R1.fq.gz,/work/project/CASCAD/mnaji/fastq_sr/41279.R2.fq.gz
41282	/work/project/CASCAD/mnaji/fastq_sr/41282.R1.fq.gz,/work/project/CASCAD/mnaji/fastq_sr/41282.R2.fq.gz
41281	/work/project/CASCAD/mnaji/fastq_sr/41281.R1.fq.gz,/work/project/CASCAD/mnaji/fastq_sr/41281.R2.fq.gz
41286	/work/project/CASCAD/mnaji/fastq_sr/41286.R1.fq.gz,/work/project/CASCAD/mnaji/fastq_sr/41286.R2.fq.gz
41288	/work/project/CASCAD/mnaji/fastq_sr/41288.R1.fq.gz,/work/project/CASCAD/mnaji/fastq_sr/41288.R2.fq.gz
41289	/work/project/CASCAD/mnaji/fastq_sr/41289.R1.fq.gz,/work/project/CASCAD/mnaji/fastq_sr/41289.R2.fq.gz
41284	/work/project/CASCAD/mnaji/fastq_sr/41284.R1.fq.gz,/work/project/CASCAD/mnaji/fastq_sr/41284.R2.fq.gz
41287	/work/project/CASCAD/mnaji/fastq_sr/41287.R1.fq.gz,/work/project/CASCAD/mnaji/fastq_sr/41287.R2.fq.gz
41285	/work/project/CASCAD/mnaji/fastq_sr/41285.R1.fq.gz,/work/project/CASCAD/mnaji/fastq_sr/41285.R2.fq.gz
41291	/work/project/CASCAD/mnaji/fastq_sr/41291.R1.fq.gz,/work/project/CASCAD/mnaji/fastq_sr/41291.R2.fq.gz
41297	/work/project/CASCAD/mnaji/fastq_sr/41297.R1.fq.gz,/work/project/CASCAD/mnaji/fastq_sr/41297.R2.fq.gz
41292	/work/project/CASCAD/mnaji/fastq_sr/41292.R1.fq.gz,/work/project/CASCAD/mnaji/fastq_sr/41292.R2.fq.gz
41298	/work/project/CASCAD/mnaji/fastq_sr/41298.R1.fq.gz,/work/project/CASCAD/mnaji/fastq_sr/41298.R2.fq.gz
41294	/work/project/CASCAD/mnaji/fastq_sr/41294.R1.fq.gz,/work/project/CASCAD/mnaji/fastq_sr/41294.R2.fq.gz
41295	/work/project/CASCAD/mnaji/fastq_sr/41295.R1.fq.gz,/work/project/CASCAD/mnaji/fastq_sr/41295.R2.fq.gz
41293	/work/project/CASCAD/mnaji/fastq_sr/41293.R1.fq.gz,/work/project/CASCAD/mnaji/fastq_sr/41293.R2.fq.gz
41296	/work/project/CASCAD/mnaji/fastq_sr/41296.R1.fq.gz,/work/project/CASCAD/mnaji/fastq_sr/41296.R2.fq.gz
41299	/work/project/CASCAD/mnaji/fastq_sr/41299.R1.fq.gz,/work/project/CASCAD/mnaji/fastq_sr/41299.R2.fq.gz
40494	/work/project/CASCAD/mnaji/fastq_sr/40494.R1.fq.gz,/work/project/CASCAD/mnaji/fastq_sr/40494.R2.fq.gz
41304	/work/project/CASCAD/mnaji/fastq_sr/41304.R1.fq.gz,/work/project/CASCAD/mnaji/fastq_sr/41304.R2.fq.gz
40495	/work/project/CASCAD/mnaji/fastq_sr/40495.R1.fq.gz,/work/project/CASCAD/mnaji/fastq_sr/40495.R2.fq.gz
41302	/work/project/CASCAD/mnaji/fastq_sr/41302.R1.fq.gz,/work/project/CASCAD/mnaji/fastq_sr/41302.R2.fq.gz
40499	/work/project/CASCAD/mnaji/fastq_sr/40499.R1.fq.gz,/work/project/CASCAD/mnaji/fastq_sr/40499.R2.fq.gz
40501	/work/project/CASCAD/mnaji/fastq_sr/40501.R1.fq.gz,/work/project/CASCAD/mnaji/fastq_sr/40501.R2.fq.gz
41305	/work/project/CASCAD/mnaji/fastq_sr/41305.R1.fq.gz,/work/project/CASCAD/mnaji/fastq_sr/41305.R2.fq.gz
41306	/work/project/CASCAD/mnaji/fastq_sr/41306.R1.fq.gz,/work/project/CASCAD/mnaji/fastq_sr/41306.R2.fq.gz
41300	/work/project/CASCAD/mnaji/fastq_sr/41300.R1.fq.gz,/work/project/CASCAD/mnaji/fastq_sr/41300.R2.fq.gz
41303	/work/project/CASCAD/mnaji/fastq_sr/41303.R1.fq.gz,/work/project/CASCAD/mnaji/fastq_sr/41303.R2.fq.gz
40504	/work/project/CASCAD/mnaji/fastq_sr/40504.R1.fq.gz,/work/project/CASCAD/mnaji/fastq_sr/40504.R2.fq.gz
41301	/work/project/CASCAD/mnaji/fastq_sr/41301.R1.fq.gz,/work/project/CASCAD/mnaji/fastq_sr/41301.R2.fq.gz
40506	/work/project/CASCAD/mnaji/fastq_sr/40506.R1.fq.gz,/work/project/CASCAD/mnaji/fastq_sr/40506.R2.fq.gz
40509	/work/project/CASCAD/mnaji/fastq_sr/40509.R1.fq.gz,/work/project/CASCAD/mnaji/fastq_sr/40509.R2.fq.gz
40512	/work/project/CASCAD/mnaji/fastq_sr/40512.R1.fq.gz,/work/project/CASCAD/mnaji/fastq_sr/40512.R2.fq.gz
40530	/work/project/CASCAD/mnaji/fastq_sr/40530.R1.fq.gz,/work/project/CASCAD/mnaji/fastq_sr/40530.R2.fq.gz
40517	/work/project/CASCAD/mnaji/fastq_sr/40517.R1.fq.gz,/work/project/CASCAD/mnaji/fastq_sr/40517.R2.fq.gz
40518	/work/project/CASCAD/mnaji/fastq_sr/40518.R1.fq.gz,/work/project/CASCAD/mnaji/fastq_sr/40518.R2.fq.gz
40525	/work/project/CASCAD/mnaji/fastq_sr/40525.R1.fq.gz,/work/project/CASCAD/mnaji/fastq_sr/40525.R2.fq.gz
40529	/work/project/CASCAD/mnaji/fastq_sr/40529.R1.fq.gz,/work/project/CASCAD/mnaji/fastq_sr/40529.R2.fq.gz
40534	/work/project/CASCAD/mnaji/fastq_sr/40534.R1.fq.gz,/work/project/CASCAD/mnaji/fastq_sr/40534.R2.fq.gz
40537	/work/project/CASCAD/mnaji/fastq_sr/40537.R1.fq.gz,/work/project/CASCAD/mnaji/fastq_sr/40537.R2.fq.gz
40523	/work/project/CASCAD/mnaji/fastq_sr/40523.R1.fq.gz,/work/project/CASCAD/mnaji/fastq_sr/40523.R2.fq.gz
40514	/work/project/CASCAD/mnaji/fastq_sr/40514.R1.fq.gz,/work/project/CASCAD/mnaji/fastq_sr/40514.R2.fq.gz
40533	/work/project/CASCAD/mnaji/fastq_sr/40533.R1.fq.gz,/work/project/CASCAD/mnaji/fastq_sr/40533.R2.fq.gz
40515	/work/project/CASCAD/mnaji/fastq_sr/40515.R1.fq.gz,/work/project/CASCAD/mnaji/fastq_sr/40515.R2.fq.gz
40539	/work/project/CASCAD/mnaji/fastq_sr/40539.R1.fq.gz,/work/project/CASCAD/mnaji/fastq_sr/40539.R2.fq.gz
40528	/work/project/CASCAD/mnaji/fastq_sr/40528.R1.fq.gz,/work/project/CASCAD/mnaji/fastq_sr/40528.R2.fq.gz
40522	/work/project/CASCAD/mnaji/fastq_sr/40522.R1.fq.gz,/work/project/CASCAD/mnaji/fastq_sr/40522.R2.fq.gz
40524	/work/project/CASCAD/mnaji/fastq_sr/40524.R1.fq.gz,/work/project/CASCAD/mnaji/fastq_sr/40524.R2.fq.gz
40572	/work/project/CASCAD/mnaji/fastq_sr/40572.R1.fq.gz,/work/project/CASCAD/mnaji/fastq_sr/40572.R2.fq.gz
40581	/work/project/CASCAD/mnaji/fastq_sr/40581.R1.fq.gz,/work/project/CASCAD/mnaji/fastq_sr/40581.R2.fq.gz
40591	/work/project/CASCAD/mnaji/fastq_sr/40591.R1.fq.gz,/work/project/CASCAD/mnaji/fastq_sr/40591.R2.fq.gz
40543	/work/project/CASCAD/mnaji/fastq_sr/40543.R1.fq.gz,/work/project/CASCAD/mnaji/fastq_sr/40543.R2.fq.gz
40597	/work/project/CASCAD/mnaji/fastq_sr/40597.R1.fq.gz,/work/project/CASCAD/mnaji/fastq_sr/40597.R2.fq.gz
40550	/work/project/CASCAD/mnaji/fastq_sr/40550.R1.fq.gz,/work/project/CASCAD/mnaji/fastq_sr/40550.R2.fq.gz
40549	/work/project/CASCAD/mnaji/fastq_sr/40549.R1.fq.gz,/work/project/CASCAD/mnaji/fastq_sr/40549.R2.fq.gz
40540	/work/project/CASCAD/mnaji/fastq_sr/40540.R1.fq.gz,/work/project/CASCAD/mnaji/fastq_sr/40540.R2.fq.gz
40598	/work/project/CASCAD/mnaji/fastq_sr/40598.R1.fq.gz,/work/project/CASCAD/mnaji/fastq_sr/40598.R2.fq.gz
40585	/work/project/CASCAD/mnaji/fastq_sr/40585.R1.fq.gz,/work/project/CASCAD/mnaji/fastq_sr/40585.R2.fq.gz
40589	/work/project/CASCAD/mnaji/fastq_sr/40589.R1.fq.gz,/work/project/CASCAD/mnaji/fastq_sr/40589.R2.fq.gz
40592	/work/project/CASCAD/mnaji/fastq_sr/40592.R1.fq.gz,/work/project/CASCAD/mnaji/fastq_sr/40592.R2.fq.gz
40551	/work/project/CASCAD/mnaji/fastq_sr/40551.R1.fq.gz,/work/project/CASCAD/mnaji/fastq_sr/40551.R2.fq.gz
40542	/work/project/CASCAD/mnaji/fastq_sr/40542.R1.fq.gz,/work/project/CASCAD/mnaji/fastq_sr/40542.R2.fq.gz
40593	/work/project/CASCAD/mnaji/fastq_sr/40593.R1.fq.gz,/work/project/CASCAD/mnaji/fastq_sr/40593.R2.fq.gz
40669	/work/project/CASCAD/mnaji/fastq_sr/40669.R1.fq.gz,/work/project/CASCAD/mnaji/fastq_sr/40669.R2.fq.gz
40635	/work/project/CASCAD/mnaji/fastq_sr/40635.R1.fq.gz,/work/project/CASCAD/mnaji/fastq_sr/40635.R2.fq.gz
40618	/work/project/CASCAD/mnaji/fastq_sr/40618.R1.fq.gz,/work/project/CASCAD/mnaji/fastq_sr/40618.R2.fq.gz
40639	/work/project/CASCAD/mnaji/fastq_sr/40639.R1.fq.gz,/work/project/CASCAD/mnaji/fastq_sr/40639.R2.fq.gz
40606	/work/project/CASCAD/mnaji/fastq_sr/40606.R1.fq.gz,/work/project/CASCAD/mnaji/fastq_sr/40606.R2.fq.gz
40603	/work/project/CASCAD/mnaji/fastq_sr/40603.R1.fq.gz,/work/project/CASCAD/mnaji/fastq_sr/40603.R2.fq.gz
40627	/work/project/CASCAD/mnaji/fastq_sr/40627.R1.fq.gz,/work/project/CASCAD/mnaji/fastq_sr/40627.R2.fq.gz
40629	/work/project/CASCAD/mnaji/fastq_sr/40629.R1.fq.gz,/work/project/CASCAD/mnaji/fastq_sr/40629.R2.fq.gz
40602	/work/project/CASCAD/mnaji/fastq_sr/40602.R1.fq.gz,/work/project/CASCAD/mnaji/fastq_sr/40602.R2.fq.gz
40632	/work/project/CASCAD/mnaji/fastq_sr/40632.R1.fq.gz,/work/project/CASCAD/mnaji/fastq_sr/40632.R2.fq.gz
40613	/work/project/CASCAD/mnaji/fastq_sr/40613.R1.fq.gz,/work/project/CASCAD/mnaji/fastq_sr/40613.R2.fq.gz
40686	/work/project/CASCAD/mnaji/fastq_sr/40686.R1.fq.gz,/work/project/CASCAD/mnaji/fastq_sr/40686.R2.fq.gz
40620	/work/project/CASCAD/mnaji/fastq_sr/40620.R1.fq.gz,/work/project/CASCAD/mnaji/fastq_sr/40620.R2.fq.gz
40604	/work/project/CASCAD/mnaji/fastq_sr/40604.R1.fq.gz,/work/project/CASCAD/mnaji/fastq_sr/40604.R2.fq.gz
40622	/work/project/CASCAD/mnaji/fastq_sr/40622.R1.fq.gz,/work/project/CASCAD/mnaji/fastq_sr/40622.R2.fq.gz
40716	/work/project/CASCAD/mnaji/fastq_sr/40716.R1.fq.gz,/work/project/CASCAD/mnaji/fastq_sr/40716.R2.fq.gz
40717	/work/project/CASCAD/mnaji/fastq_sr/40717.R1.fq.gz,/work/project/CASCAD/mnaji/fastq_sr/40717.R2.fq.gz
40688	/work/project/CASCAD/mnaji/fastq_sr/40688.R1.fq.gz,/work/project/CASCAD/mnaji/fastq_sr/40688.R2.fq.gz
40689	/work/project/CASCAD/mnaji/fastq_sr/40689.R1.fq.gz,/work/project/CASCAD/mnaji/fastq_sr/40689.R2.fq.gz
40742	/work/project/CASCAD/mnaji/fastq_sr/40742.R1.fq.gz,/work/project/CASCAD/mnaji/fastq_sr/40742.R2.fq.gz
40714	/work/project/CASCAD/mnaji/fastq_sr/40714.R1.fq.gz,/work/project/CASCAD/mnaji/fastq_sr/40714.R2.fq.gz
40703	/work/project/CASCAD/mnaji/fastq_sr/40703.R1.fq.gz,/work/project/CASCAD/mnaji/fastq_sr/40703.R2.fq.gz
40700	/work/project/CASCAD/mnaji/fastq_sr/40700.R1.fq.gz,/work/project/CASCAD/mnaji/fastq_sr/40700.R2.fq.gz
40702	/work/project/CASCAD/mnaji/fastq_sr/40702.R1.fq.gz,/work/project/CASCAD/mnaji/fastq_sr/40702.R2.fq.gz
40744	/work/project/CASCAD/mnaji/fastq_sr/40744.R1.fq.gz,/work/project/CASCAD/mnaji/fastq_sr/40744.R2.fq.gz
40745	/work/project/CASCAD/mnaji/fastq_sr/40745.R1.fq.gz,/work/project/CASCAD/mnaji/fastq_sr/40745.R2.fq.gz
40741	/work/project/CASCAD/mnaji/fastq_sr/40741.R1.fq.gz,/work/project/CASCAD/mnaji/fastq_sr/40741.R2.fq.gz
40740	/work/project/CASCAD/mnaji/fastq_sr/40740.R1.fq.gz,/work/project/CASCAD/mnaji/fastq_sr/40740.R2.fq.gz
40746	/work/project/CASCAD/mnaji/fastq_sr/40746.R1.fq.gz,/work/project/CASCAD/mnaji/fastq_sr/40746.R2.fq.gz
40743	/work/project/CASCAD/mnaji/fastq_sr/40743.R1.fq.gz,/work/project/CASCAD/mnaji/fastq_sr/40743.R2.fq.gz
40764	/work/project/CASCAD/mnaji/fastq_sr/40764.R1.fq.gz,/work/project/CASCAD/mnaji/fastq_sr/40764.R2.fq.gz
40747	/work/project/CASCAD/mnaji/fastq_sr/40747.R1.fq.gz,/work/project/CASCAD/mnaji/fastq_sr/40747.R2.fq.gz
40755	/work/project/CASCAD/mnaji/fastq_sr/40755.R1.fq.gz,/work/project/CASCAD/mnaji/fastq_sr/40755.R2.fq.gz
40758	/work/project/CASCAD/mnaji/fastq_sr/40758.R1.fq.gz,/work/project/CASCAD/mnaji/fastq_sr/40758.R2.fq.gz
40748	/work/project/CASCAD/mnaji/fastq_sr/40748.R1.fq.gz,/work/project/CASCAD/mnaji/fastq_sr/40748.R2.fq.gz
40753	/work/project/CASCAD/mnaji/fastq_sr/40753.R1.fq.gz,/work/project/CASCAD/mnaji/fastq_sr/40753.R2.fq.gz
40754	/work/project/CASCAD/mnaji/fastq_sr/40754.R1.fq.gz,/work/project/CASCAD/mnaji/fastq_sr/40754.R2.fq.gz
40756	/work/project/CASCAD/mnaji/fastq_sr/40756.R1.fq.gz,/work/project/CASCAD/mnaji/fastq_sr/40756.R2.fq.gz
40776	/work/project/CASCAD/mnaji/fastq_sr/40776.R1.fq.gz,/work/project/CASCAD/mnaji/fastq_sr/40776.R2.fq.gz
40768	/work/project/CASCAD/mnaji/fastq_sr/40768.R1.fq.gz,/work/project/CASCAD/mnaji/fastq_sr/40768.R2.fq.gz
40752	/work/project/CASCAD/mnaji/fastq_sr/40752.R1.fq.gz,/work/project/CASCAD/mnaji/fastq_sr/40752.R2.fq.gz
40769	/work/project/CASCAD/mnaji/fastq_sr/40769.R1.fq.gz,/work/project/CASCAD/mnaji/fastq_sr/40769.R2.fq.gz
40774	/work/project/CASCAD/mnaji/fastq_sr/40774.R1.fq.gz,/work/project/CASCAD/mnaji/fastq_sr/40774.R2.fq.gz
40773	/work/project/CASCAD/mnaji/fastq_sr/40773.R1.fq.gz,/work/project/CASCAD/mnaji/fastq_sr/40773.R2.fq.gz
40749	/work/project/CASCAD/mnaji/fastq_sr/40749.R1.fq.gz,/work/project/CASCAD/mnaji/fastq_sr/40749.R2.fq.gz
40975	/work/project/CASCAD/mnaji/fastq_sr/40975.R1.fq.gz,/work/project/CASCAD/mnaji/fastq_sr/40975.R2.fq.gz
40800	/work/project/CASCAD/mnaji/fastq_sr/40800.R1.fq.gz,/work/project/CASCAD/mnaji/fastq_sr/40800.R2.fq.gz
40965	/work/project/CASCAD/mnaji/fastq_sr/40965.R1.fq.gz,/work/project/CASCAD/mnaji/fastq_sr/40965.R2.fq.gz
40797	/work/project/CASCAD/mnaji/fastq_sr/40797.R1.fq.gz,/work/project/CASCAD/mnaji/fastq_sr/40797.R2.fq.gz
40790	/work/project/CASCAD/mnaji/fastq_sr/40790.R1.fq.gz,/work/project/CASCAD/mnaji/fastq_sr/40790.R2.fq.gz
40794	/work/project/CASCAD/mnaji/fastq_sr/40794.R1.fq.gz,/work/project/CASCAD/mnaji/fastq_sr/40794.R2.fq.gz
40787	/work/project/CASCAD/mnaji/fastq_sr/40787.R1.fq.gz,/work/project/CASCAD/mnaji/fastq_sr/40787.R2.fq.gz
40783	/work/project/CASCAD/mnaji/fastq_sr/40783.R1.fq.gz,/work/project/CASCAD/mnaji/fastq_sr/40783.R2.fq.gz
40977	/work/project/CASCAD/mnaji/fastq_sr/40977.R1.fq.gz,/work/project/CASCAD/mnaji/fastq_sr/40977.R2.fq.gz
40785	/work/project/CASCAD/mnaji/fastq_sr/40785.R1.fq.gz,/work/project/CASCAD/mnaji/fastq_sr/40785.R2.fq.gz
40777	/work/project/CASCAD/mnaji/fastq_sr/40777.R1.fq.gz,/work/project/CASCAD/mnaji/fastq_sr/40777.R2.fq.gz
40802	/work/project/CASCAD/mnaji/fastq_sr/40802.R1.fq.gz,/work/project/CASCAD/mnaji/fastq_sr/40802.R2.fq.gz
40962	/work/project/CASCAD/mnaji/fastq_sr/40962.R1.fq.gz,/work/project/CASCAD/mnaji/fastq_sr/40962.R2.fq.gz
40803	/work/project/CASCAD/mnaji/fastq_sr/40803.R1.fq.gz,/work/project/CASCAD/mnaji/fastq_sr/40803.R2.fq.gz
40781	/work/project/CASCAD/mnaji/fastq_sr/40781.R1.fq.gz,/work/project/CASCAD/mnaji/fastq_sr/40781.R2.fq.gz
41045	/work/project/CASCAD/mnaji/fastq_sr/41045.R1.fq.gz,/work/project/CASCAD/mnaji/fastq_sr/41045.R2.fq.gz
40990	/work/project/CASCAD/mnaji/fastq_sr/40990.R1.fq.gz,/work/project/CASCAD/mnaji/fastq_sr/40990.R2.fq.gz
41084	/work/project/CASCAD/mnaji/fastq_sr/41084.R1.fq.gz,/work/project/CASCAD/mnaji/fastq_sr/41084.R2.fq.gz
41063	/work/project/CASCAD/mnaji/fastq_sr/41063.R1.fq.gz,/work/project/CASCAD/mnaji/fastq_sr/41063.R2.fq.gz
41091	/work/project/CASCAD/mnaji/fastq_sr/41091.R1.fq.gz,/work/project/CASCAD/mnaji/fastq_sr/41091.R2.fq.gz
41053	/work/project/CASCAD/mnaji/fastq_sr/41053.R1.fq.gz,/work/project/CASCAD/mnaji/fastq_sr/41053.R2.fq.gz
41133	/work/project/CASCAD/mnaji/fastq_sr/41133.R1.fq.gz,/work/project/CASCAD/mnaji/fastq_sr/41133.R2.fq.gz
41088	/work/project/CASCAD/mnaji/fastq_sr/41088.R1.fq.gz,/work/project/CASCAD/mnaji/fastq_sr/41088.R2.fq.gz
41090	/work/project/CASCAD/mnaji/fastq_sr/41090.R1.fq.gz,/work/project/CASCAD/mnaji/fastq_sr/41090.R2.fq.gz
41054	/work/project/CASCAD/mnaji/fastq_sr/41054.R1.fq.gz,/work/project/CASCAD/mnaji/fastq_sr/41054.R2.fq.gz
41147	/work/project/CASCAD/mnaji/fastq_sr/41147.R1.fq.gz,/work/project/CASCAD/mnaji/fastq_sr/41147.R2.fq.gz
41151	/work/project/CASCAD/mnaji/fastq_sr/41151.R1.fq.gz,/work/project/CASCAD/mnaji/fastq_sr/41151.R2.fq.gz
41163	/work/project/CASCAD/mnaji/fastq_sr/41163.R1.fq.gz,/work/project/CASCAD/mnaji/fastq_sr/41163.R2.fq.gz
41164	/work/project/CASCAD/mnaji/fastq_sr/41164.R1.fq.gz,/work/project/CASCAD/mnaji/fastq_sr/41164.R2.fq.gz
41069	/work/project/CASCAD/mnaji/fastq_sr/41069.R1.fq.gz,/work/project/CASCAD/mnaji/fastq_sr/41069.R2.fq.gz
41179	/work/project/CASCAD/mnaji/fastq_sr/41179.R1.fq.gz,/work/project/CASCAD/mnaji/fastq_sr/41179.R2.fq.gz
41186	/work/project/CASCAD/mnaji/fastq_sr/41186.R1.fq.gz,/work/project/CASCAD/mnaji/fastq_sr/41186.R2.fq.gz
41227	/work/project/CASCAD/mnaji/fastq_sr/41227.R1.fq.gz,/work/project/CASCAD/mnaji/fastq_sr/41227.R2.fq.gz
41226	/work/project/CASCAD/mnaji/fastq_sr/41226.R1.fq.gz,/work/project/CASCAD/mnaji/fastq_sr/41226.R2.fq.gz
41188	/work/project/CASCAD/mnaji/fastq_sr/41188.R1.fq.gz,/work/project/CASCAD/mnaji/fastq_sr/41188.R2.fq.gz
41220	/work/project/CASCAD/mnaji/fastq_sr/41220.R1.fq.gz,/work/project/CASCAD/mnaji/fastq_sr/41220.R2.fq.gz
41185	/work/project/CASCAD/mnaji/fastq_sr/41185.R1.fq.gz,/work/project/CASCAD/mnaji/fastq_sr/41185.R2.fq.gz
41215	/work/project/CASCAD/mnaji/fastq_sr/41215.R1.fq.gz,/work/project/CASCAD/mnaji/fastq_sr/41215.R2.fq.gz
41216	/work/project/CASCAD/mnaji/fastq_sr/41216.R1.fq.gz,/work/project/CASCAD/mnaji/fastq_sr/41216.R2.fq.gz
41187	/work/project/CASCAD/mnaji/fastq_sr/41187.R1.fq.gz,/work/project/CASCAD/mnaji/fastq_sr/41187.R2.fq.gz
41214	/work/project/CASCAD/mnaji/fastq_sr/41214.R1.fq.gz,/work/project/CASCAD/mnaji/fastq_sr/41214.R2.fq.gz
41230	/work/project/CASCAD/mnaji/fastq_sr/41230.R1.fq.gz,/work/project/CASCAD/mnaji/fastq_sr/41230.R2.fq.gz
41237	/work/project/CASCAD/mnaji/fastq_sr/41237.R1.fq.gz,/work/project/CASCAD/mnaji/fastq_sr/41237.R2.fq.gz
41232	/work/project/CASCAD/mnaji/fastq_sr/41232.R1.fq.gz,/work/project/CASCAD/mnaji/fastq_sr/41232.R2.fq.gz
41183	/work/project/CASCAD/mnaji/fastq_sr/41183.R1.fq.gz,/work/project/CASCAD/mnaji/fastq_sr/41183.R2.fq.gz
41239	/work/project/CASCAD/mnaji/fastq_sr/41239.R1.fq.gz,/work/project/CASCAD/mnaji/fastq_sr/41239.R2.fq.gz
41055	/work/project/CASCAD/mnaji/fastq_sr/41055.R1.fq.gz,/work/project/CASCAD/mnaji/fastq_sr/41055.R2.fq.gz
40502	/work/project/CASCAD/mnaji/fastq_sr/40502.R1.fq.gz,/work/project/CASCAD/mnaji/fastq_sr/40502.R2.fq.gz
40511	/work/project/CASCAD/mnaji/fastq_sr/40511.R1.fq.gz,/work/project/CASCAD/mnaji/fastq_sr/40511.R2.fq.gz
40493	/work/project/CASCAD/mnaji/fastq_sr/40493.R1.fq.gz,/work/project/CASCAD/mnaji/fastq_sr/40493.R2.fq.gz
40510	/work/project/CASCAD/mnaji/fastq_sr/40510.R1.fq.gz,/work/project/CASCAD/mnaji/fastq_sr/40510.R2.fq.gz
41255	/work/project/CASCAD/mnaji/fastq_sr/41255.R1.fq.gz,/work/project/CASCAD/mnaji/fastq_sr/41255.R2.fq.gz
40508	/work/project/CASCAD/mnaji/fastq_sr/40508.R1.fq.gz,/work/project/CASCAD/mnaji/fastq_sr/40508.R2.fq.gz
40520	/work/project/CASCAD/mnaji/fastq_sr/40520.R1.fq.gz,/work/project/CASCAD/mnaji/fastq_sr/40520.R2.fq.gz
40498	/work/project/CASCAD/mnaji/fastq_sr/40498.R1.fq.gz,/work/project/CASCAD/mnaji/fastq_sr/40498.R2.fq.gz
40503	/work/project/CASCAD/mnaji/fastq_sr/40503.R1.fq.gz,/work/project/CASCAD/mnaji/fastq_sr/40503.R2.fq.gz
40500	/work/project/CASCAD/mnaji/fastq_sr/40500.R1.fq.gz,/work/project/CASCAD/mnaji/fastq_sr/40500.R2.fq.gz
40519	/work/project/CASCAD/mnaji/fastq_sr/40519.R1.fq.gz,/work/project/CASCAD/mnaji/fastq_sr/40519.R2.fq.gz
40507	/work/project/CASCAD/mnaji/fastq_sr/40507.R1.fq.gz,/work/project/CASCAD/mnaji/fastq_sr/40507.R2.fq.gz
41290	/work/project/CASCAD/mnaji/fastq_sr/41290.R1.fq.gz,/work/project/CASCAD/mnaji/fastq_sr/41290.R2.fq.gz
41290	/work/project/CASCAD/mnaji/fastq_sr/41290.R1.fq.gz,/work/project/CASCAD/mnaji/fastq_sr/41290.R2.fq.gz
40795	/work/project/CASCAD/mnaji/fastq_sr/40795.R1.fq.gz,/work/project/CASCAD/mnaji/fastq_sr/40795.R2.fq.gz
40792	/work/project/CASCAD/mnaji/fastq_sr/40792.R1.fq.gz,/work/project/CASCAD/mnaji/fastq_sr/40792.R2.fq.gz
40791	/work/project/CASCAD/mnaji/fastq_sr/40791.R1.fq.gz,/work/project/CASCAD/mnaji/fastq_sr/40791.R2.fq.gz
40793	/work/project/CASCAD/mnaji/fastq_sr/40793.R1.fq.gz,/work/project/CASCAD/mnaji/fastq_sr/40793.R2.fq.gz
40778	/work/project/CASCAD/mnaji/fastq_sr/40778.R1.fq.gz,/work/project/CASCAD/mnaji/fastq_sr/40778.R2.fq.gz
40780	/work/project/CASCAD/mnaji/fastq_sr/40780.R1.fq.gz,/work/project/CASCAD/mnaji/fastq_sr/40780.R2.fq.gz
40786	/work/project/CASCAD/mnaji/fastq_sr/40786.R1.fq.gz,/work/project/CASCAD/mnaji/fastq_sr/40786.R2.fq.gz
40788	/work/project/CASCAD/mnaji/fastq_sr/40788.R1.fq.gz,/work/project/CASCAD/mnaji/fastq_sr/40788.R2.fq.gz
40784	/work/project/CASCAD/mnaji/fastq_sr/40784.R1.fq.gz,/work/project/CASCAD/mnaji/fastq_sr/40784.R2.fq.gz
40798	/work/project/CASCAD/mnaji/fastq_sr/40798.R1.fq.gz,/work/project/CASCAD/mnaji/fastq_sr/40798.R2.fq.gz
40796	/work/project/CASCAD/mnaji/fastq_sr/40796.R1.fq.gz,/work/project/CASCAD/mnaji/fastq_sr/40796.R2.fq.gz
40782	/work/project/CASCAD/mnaji/fastq_sr/40782.R1.fq.gz,/work/project/CASCAD/mnaji/fastq_sr/40782.R2.fq.gz
40779	/work/project/CASCAD/mnaji/fastq_sr/40779.R1.fq.gz,/work/project/CASCAD/mnaji/fastq_sr/40779.R2.fq.gz
40968	/work/project/CASCAD/mnaji/fastq_sr/40968.R1.fq.gz,/work/project/CASCAD/mnaji/fastq_sr/40968.R2.fq.gz
40960	/work/project/CASCAD/mnaji/fastq_sr/40960.R1.fq.gz,/work/project/CASCAD/mnaji/fastq_sr/40960.R2.fq.gz
40971	/work/project/CASCAD/mnaji/fastq_sr/40971.R1.fq.gz,/work/project/CASCAD/mnaji/fastq_sr/40971.R2.fq.gz
40972	/work/project/CASCAD/mnaji/fastq_sr/40972.R1.fq.gz,/work/project/CASCAD/mnaji/fastq_sr/40972.R2.fq.gz
40976	/work/project/CASCAD/mnaji/fastq_sr/40976.R1.fq.gz,/work/project/CASCAD/mnaji/fastq_sr/40976.R2.fq.gz
40985	/work/project/CASCAD/mnaji/fastq_sr/40985.R1.fq.gz,/work/project/CASCAD/mnaji/fastq_sr/40985.R2.fq.gz
40991	/work/project/CASCAD/mnaji/fastq_sr/40991.R1.fq.gz,/work/project/CASCAD/mnaji/fastq_sr/40991.R2.fq.gz
40982	/work/project/CASCAD/mnaji/fastq_sr/40982.R1.fq.gz,/work/project/CASCAD/mnaji/fastq_sr/40982.R2.fq.gz
40992	/work/project/CASCAD/mnaji/fastq_sr/40992.R1.fq.gz,/work/project/CASCAD/mnaji/fastq_sr/40992.R2.fq.gz
40984	/work/project/CASCAD/mnaji/fastq_sr/40984.R1.fq.gz,/work/project/CASCAD/mnaji/fastq_sr/40984.R2.fq.gz
40993	/work/project/CASCAD/mnaji/fastq_sr/40993.R1.fq.gz,/work/project/CASCAD/mnaji/fastq_sr/40993.R2.fq.gz
40997	/work/project/CASCAD/mnaji/fastq_sr/40997.R1.fq.gz,/work/project/CASCAD/mnaji/fastq_sr/40997.R2.fq.gz
40996	/work/project/CASCAD/mnaji/fastq_sr/40996.R1.fq.gz,/work/project/CASCAD/mnaji/fastq_sr/40996.R2.fq.gz
40998	/work/project/CASCAD/mnaji/fastq_sr/40998.R1.fq.gz,/work/project/CASCAD/mnaji/fastq_sr/40998.R2.fq.gz
40999	/work/project/CASCAD/mnaji/fastq_sr/40999.R1.fq.gz,/work/project/CASCAD/mnaji/fastq_sr/40999.R2.fq.gz
41002	/work/project/CASCAD/mnaji/fastq_sr/41002.R1.fq.gz,/work/project/CASCAD/mnaji/fastq_sr/41002.R2.fq.gz
40980	/work/project/CASCAD/mnaji/fastq_sr/40980.R1.fq.gz,/work/project/CASCAD/mnaji/fastq_sr/40980.R2.fq.gz
41003	/work/project/CASCAD/mnaji/fastq_sr/41003.R1.fq.gz,/work/project/CASCAD/mnaji/fastq_sr/41003.R2.fq.gz
40995	/work/project/CASCAD/mnaji/fastq_sr/40995.R1.fq.gz,/work/project/CASCAD/mnaji/fastq_sr/40995.R2.fq.gz
40988	/work/project/CASCAD/mnaji/fastq_sr/40988.R1.fq.gz,/work/project/CASCAD/mnaji/fastq_sr/40988.R2.fq.gz
41001	/work/project/CASCAD/mnaji/fastq_sr/41001.R1.fq.gz,/work/project/CASCAD/mnaji/fastq_sr/41001.R2.fq.gz
40987	/work/project/CASCAD/mnaji/fastq_sr/40987.R1.fq.gz,/work/project/CASCAD/mnaji/fastq_sr/40987.R2.fq.gz
40989	/work/project/CASCAD/mnaji/fastq_sr/40989.R1.fq.gz,/work/project/CASCAD/mnaji/fastq_sr/40989.R2.fq.gz
41012	/work/project/CASCAD/mnaji/fastq_sr/41012.R1.fq.gz,/work/project/CASCAD/mnaji/fastq_sr/41012.R2.fq.gz
41016	/work/project/CASCAD/mnaji/fastq_sr/41016.R1.fq.gz,/work/project/CASCAD/mnaji/fastq_sr/41016.R2.fq.gz
40986	/work/project/CASCAD/mnaji/fastq_sr/40986.R1.fq.gz,/work/project/CASCAD/mnaji/fastq_sr/40986.R2.fq.gz
41047	/work/project/CASCAD/mnaji/fastq_sr/41047.R1.fq.gz,/work/project/CASCAD/mnaji/fastq_sr/41047.R2.fq.gz
40981	/work/project/CASCAD/mnaji/fastq_sr/40981.R1.fq.gz,/work/project/CASCAD/mnaji/fastq_sr/40981.R2.fq.gz
40979	/work/project/CASCAD/mnaji/fastq_sr/40979.R1.fq.gz,/work/project/CASCAD/mnaji/fastq_sr/40979.R2.fq.gz
40978	/work/project/CASCAD/mnaji/fastq_sr/40978.R1.fq.gz,/work/project/CASCAD/mnaji/fastq_sr/40978.R2.fq.gz
40994	/work/project/CASCAD/mnaji/fastq_sr/40994.R1.fq.gz,/work/project/CASCAD/mnaji/fastq_sr/40994.R2.fq.gz
41050	/work/project/CASCAD/mnaji/fastq_sr/41050.R1.fq.gz,/work/project/CASCAD/mnaji/fastq_sr/41050.R2.fq.gz
41071	/work/project/CASCAD/mnaji/fastq_sr/41071.R1.fq.gz,/work/project/CASCAD/mnaji/fastq_sr/41071.R2.fq.gz
41000	/work/project/CASCAD/mnaji/fastq_sr/41000.R1.fq.gz,/work/project/CASCAD/mnaji/fastq_sr/41000.R2.fq.gz
40974	/work/project/CASCAD/mnaji/fastq_sr/40974.R1.fq.gz,/work/project/CASCAD/mnaji/fastq_sr/40974.R2.fq.gz
40521	/work/project/CASCAD/mnaji/fastq_sr/40521.R1.fq.gz,/work/project/CASCAD/mnaji/fastq_sr/40521.R2.fq.gz
40775	/work/project/CASCAD/mnaji/fastq_sr/40775.R1.fq.gz,/work/project/CASCAD/mnaji/fastq_sr/40775.R2.fq.gz
